"bigram","count"
"ng",25123903
"nh",12720224
"th",12660654
"ch",9155122
"tr",7321426
"an",5571134
"hi",5422341
"ph",4587649
"on",4137546
"kh",3926127
"và",3731410
"in",3473903
"ên",3382083
"ho",3143380
"qu",3116561
"ại",3103225
"gi",3094531
"ôn",3013778
"ác",2923755
"há",2836579
"àn",2799252
"ti",2766754
"iệ",2757229
"ro",2720396
"là",2707162
"củ",2678587
"ủa",2667970
"ha",2632015
"lo",2608144
"ượ",2415254
"ra",2382348
"cá",2303933
"hu",2294966
"hà",2228651
"uy",2219256
"đư",2193117
"ân",2166196
"ar",2137406
"iế",2112180
"er",2095310
"iê",2078778
"án",2025510
"hư",1969477
"nă",1969364
"am",1962472
"ia",1960197
"ườ",1955267
"ột",1947758
"ợc",1937875
"mộ",1913702
"ăm",1886382
"oạ",1864801
"vi",1804879
"ri",1790912
"ến",1787945
"li",1763951
"ới",1738888
"na",1735516
"hể",1731499
"ời",1727270
"ba",1669089
"ơn",1644888
"ản",1555743
"en",1549873
"al",1507124
"có",1504086
"ất",1492284
"la",1463379
"he",1440735
"ma",1439041
"sa",1420777
"ện",1409884
"ai",1406240
"un",1403373
"ày",1361296
"or",1315532
"oà",1313978
"ca",1300573
"hí",1300128
"ta",1282078
"te",1268646
"ìn",1257285
"ết",1245885
"le",1213049
"ài",1199798
"re",1186144
"si",1181048
"es",1166574
"co",1163361
"at",1150856
"gư",1146422
"ươ",1139773
"ướ",1139414
"gh",1124032
"độ",1117980
"st",1106163
"hô",1102123
"bi",1089122
"ào",1079372
"ay",1077013
"ru",1074294
"to",1062101
"di",1050222
"ne",1045846
"uố",1042156
"họ",1041965
"is",1031843
"ua",1021397
"au",1012652
"ni",1012234
"ần",1011744
"vớ",1008316
"ầu",1007599
"iề",1006651
"hâ",1003984
"đã",979051
"ật",963695
"mi",951588
"hả",943735
"iể",942431
"ki",939163
"ốn",924994
"ín",916420
"el",915978
"da",912562
"ốc",912560
"ăn",912127
"tạ",894516
"hấ",889387
"đi",871920
"cô",870825
"tu",859760
"nd",856405
"ic",855866
"hủ",850084
"de",849905
"ận",849186
"ải",847746
"nt",846758
"số",844132
"hứ",843107
"ạn",842427
"ờn",841115
"ập",837973
"ao",837386
"ll",834727
"ực",832554
"il",826026
"do",822807
"ều",819045
"hữ",812083
"hậ",802077
"từ",801862
"hạ",795444
"as",795081
"nà",779820
"ức",776032
"us",771949
"ộn",763688
"me",763273
"ội",762875
"im",758909
"rư",752195
"it",740733
"ây",739265
"ộc",737638
"ol",736930
"ớc",731470
"ền",730523
"đế",726251
"cu",721437
"át",716488
"gu",711696
"gà",707446
"hú",706951
"đạ",701684
"oa",697193
"se",696163
"ùn",691084
"go",689223
"ga",687641
"òn",681733
"ồn",663815
"ệt",661436
"ọc",660053
"ữn",656081
"eo",655394
"hế",651294
"ảo",648819
"om",635091
"so",635031
"uâ",625005
"bả",624267
"hố",623155
"ối",621900
"đầ",613813
"ur",612742
"tư",598634
"uộ",598066
"ea",597583
"vậ",585116
"io",585087
"đị",582986
"đó",581507
"hì",575688
"ái",573385
"no",560388
"sh",559295
"em",557853
"ển",551605
"ie",551066
"ac",549951
"lạ",549537
"iá",541360
"ục",541135
"hó",540645
"íc",539243
"os",535362
"sự",534638
"et",533893
"kế",533348
"lu",532789
"ón",532225
"pa",529566
"âu",526250
"đá",522947
"áo",522674
"ạc",522070
"id",521454
"ge",517659
"be",510064
"va",509346
"iả",507804
"mo",504581
"về",504048
"xu",501998
"lư",501757
"áp",500215
"ou",499351
"ve",498919
"dâ",491603
"rê",487877
"để",486734
"yê",482146
"ed",478992
"ad",477782
"ce",477138
"ịc",475106
"hị",472961
"rt",472366
"bị",469923
"hơ",468072
"bộ",466841
"ằn",462472
"nó",462350
"pe",460246
"hầ",460070
"cả",457015
"đô",454242
"uậ",445761
"bà",444140
"su",443033
"tâ",442154
"bắ",440679
"ớn",439127
"ặc",438723
"ắc",435463
"hờ",433751
"sá",431139
"ir",430790
"um",428897
"àm",428757
"bu",423596
"bo",423330
"ns",419986
"ot",417720
"ấn",414488
"ễn",414443
"đồ",413956
"tí",413859
"yế",406781
"ợn",404355
"ệu",403003
"cũ",400869
"uấ",400497
"ũn",400451
"ka",397611
"âm",397485
"wa",391556
"tổ",390719
"ag",390483
"yề",390395
"po",390271
"hộ",389082
"sử",386203
"ạo",383945
"cầ",383270
"ổi",382981
"dụ",374028
"op",371733
"fo",368212
"ss",367683
"tậ",366406
"ạt",362435
"du",362382
"ôi",361012
"úc",360510
"nư",355789
"ịn",354184
"hỉ",353257
"rd",349015
"ắn",346700
"ểu",346205
"dư",345399
"of",342587
"ưn",342197
"ul",341725
"hự",341128
"êu",340829
"ci",340265
"yệ",336250
"rs",334634
"tá",334345
"tà",333828
"ig",333601
"ưở",331349
"ởn",329096
"ex",328136
"iễ",327871
"đo",325415
"mà",325207
"nc",325059
"bá",323541
"hụ",322192
"ơi",319468
"ệc",317460
"sc",316570
"hệ",314707
"pi",314625
"đấ",313422
"ae",310379
"br",309521
"ắt",309502
"mô",308969
"ấp",308378
"ụn",306273
"hò",305597
"ếp",304981
"ếu",302547
"ec",301905
"ue",301809
"ấu",301404
"fr",300780
"mu",299811
"ts",298708
"tê",297334
"hỏ",296896
"gr",295588
"ặt",293573
"vị",293109
"ei",289595
"ke",289481
"ấy",288175
"cò",287404
"ry",285827
"cù",285806
"ổn",285798
"ỉn",283953
"ut",283870
"ak",282307
"ởi",281168
"lý",278890
"hồ",277772
"kỳ",276711
"tt",276086
"ệp",275533
"ap",275291
"pr",274341
"ọn",273997
"lớ",273837
"đa",273768
"ún",273550
"bó",273346
"mạ",272825
"đặ",272341
"đố",271427
"oc",270547
"tự",270410
"đề",268746
"vă",268669
"rn",268128
"ểm",266652
"wi",266429
"od",265711
"àu",264152
"ứn",263941
"hợ",263622
"êm",263431
"uả",263228
"ab",263217
"xã",262443
"nn",258081
"oo",256564
"rì",256477
"dự",253907
"đứ",250343
"gọ",250309
"ía",249613
"cấ",248959
"cơ",248788
"tỉ",248737
"ee",248590
"lê",246942
"đả",246287
"tố",244560
"lậ",244265
"vư",244193
"iớ",242377
"ck",242073
"ya",241128
"ov",240386
"hắ",239616
"mặ",239105
"rg",237783
"xe",237702
"ợp",237462
"if",236467
"má",236279
"fi",236115
"đà",233414
"ẫn",233238
"ty",231338
"bở",230411
"ọi",227988
"bằ",227452
"ko",226971
"we",225842
"sả",225651
"iv",225521
"bì",225331
"tả",224274
"tì",223915
"ow",222633
"óa",221641
"yể",221388
"tế",219955
"tô",219181
"av",219064
"ệm",218815
"ct",218730
"ja",218327
"ey",216626
"yo",215208
"nữ",215115
"rị",214450
"ịa",214372
"rr",214239
"iữ",213747
"ưa",213630
"dr",213561
"ly",213283
"rở",212290
"ze",211181
"rậ",211130
"sĩ",210693
"ĩa",210523
"sp",209697
"rấ",208599
"tấ",208447
"xt",207973
"lự",207438
"áy",206996
"ữa",205455
"mp",204960
"oi",204905
"câ",204827
"ii",204239
"òa",204236
"oặ",203559
"gồ",203083
"mỹ",202860
"hẩ",202462
"pl",200821
"oả",199362
"mb",198701
"eu",197690
"ãn",197431
"rl",196694
"ld",196192
"rằ",195405
"ip",194711
"ev",194433
"cr",194232
"ậu",193883
"ồm",193783
"oá",193285
"dù",192565
"hổ",192439
"cộ",192044
"ui",191922
"vì",190720
"hĩ",190429
"ủy",190223
"đâ",188763
"vụ",188320
"fa",187847
"jo",187817
"dà",187021
"ưu",186498
"ob",186119
"nu",185353
"hê",184578
"lb",183332
"sẽ",183004
"ừn",182475
"lầ",181740
"og",181019
"ep",179624
"hy",178619
"iz",178594
"vù",177916
"mì",176543
"jp",175854
"rí",175483
"bạ",173910
"bố",173700
"uc",172215
"ám",171115
"rm",170414
"pg",169479
"ok",169323
"ew",168874
"cứ",168418
"rk",168370
"ẩm",168196
"rc",167322
"tử",166010
"ồi",165777
"fe",165486
"gô",165444
"bl",163650
"wo",162644
"ảm",162149
"đổ",161788
"cl",161143
"lị",160691
"vo",160035
"cư",159787
"ft",159680
"xi",158840
"eg",158240
"ik",157634
"vu",154459
"mớ",153817
"dị",153768
"iu",153606
"ạm",153068
"ub",152419
"ht",152418
"vự",152134
"uổ",151673
"ói",151006
"pu",150943
"sâ",150610
"uá",150382
"cậ",150165
"ốt",149655
"ùa",149224
"cử",148985
"ằm",148486
"lệ",146984
"eb",146112
"aw",145854
"ah",145267
"lt",144704
"rá",144507
"uô",143449
"mm",143328
"đơ",143219
"ửa",142624
"nê",140473
"nộ",140007
"tớ",138643
"hr",137541
"ud",136356
"hù",136205
"xa",135872
"za",135736
"sắ",133272
"sk",132600
"óm",132517
"uầ",132459
"ếm",132253
"hé",132069
"ib",130097
"up",129943
"mụ",129711
"gl",128673
"yễ",128387
"mù",128231
"gầ",128048
"sư",127999
"sơ",127755
"rọ",127576
"ầm",127195
"cổ",127070
"az",125438
"ls",124481
"ku",123515
"nổ",122729
"uk",122161
"lâ",121998
"vô",121858
"lã",120984
"nơ",120308
"vũ",120198
"oh",119702
"ựa",119479
"ép",119042
"nk",118893
"ys",118678
"uồ",118302
"tă",117908
"đì",117609
"ye",117473
"kí",117451
"bê",117235
"ỗi",117099
"ds",117012
"pp",116358
"mã",116250
"kỷ",116140
"pt",116040
"ug",115814
"sô",115798
"út",114906
"ếc",114032
"rú",114010
"ny",112527
"ju",111422
"ặn",111236
"vò",111073
"ìm",110016
"dạ",109805
"tộ",109671
"ứu",109335
"xâ",108062
"rb",107272
"ẩn",106853
"rò",106830
"mấ",106435
"nằ",105155
"tụ",105045
"ét",104922
"yl",103817
"af",103567
"vệ",103556
"gâ",103547
"úp",103238
"ff",103113
"rộ",103102
"xá",102865
"sở",102494
"ỏi",102271
"je",102191
"vẫ",101456
"bấ",100615
"hă",100553
"ĩn",100439
"ef",100315
"gn",100032
"rạ",99450
"đờ",99429
"cố",98401
"ảy",98287
"sm",97897
"ps",97458
"fl",97300
"px",96837
"ợt",96598
"cụ",96272
"dẫ",96121
"ủn",95713
"sứ",94912
"ữu",94506
"cự",94376
"ựn",93604
"ợi",93311
"tl",93024
"hn",92658
"ạp",92648
"oe",92544
"sl",92469
"lú",92178
"rầ",90909
"my",90214
"mư",90136
"ms",89905
"ẳn",89335
"iố",89175
"tc",89163
"đe",88957
"ậy",88740
"ji",87683
"tầ",86929
"zi",86874
"bỏ",86484
"ià",86369
"gữ",85103
"bệ",84010
"km",83158
"mở",83024
"yu",82541
"gắ",81550
"by",81085
"rụ",80902
"ớp",80076
"lộ",80036
"hã",80024
"úi",79071
"só",79030
"rợ",79019
"fu",78886
"ký",78662
"ặp",78630
"lấ",78552
"xế",78195
"rừ",78039
"sy",77954
"nú",77927
"ek",77818
"ừa",77693
"ky",77236
"ạy",77037
"hỗ",76937
"ấm",76692
"mắ",76560
"rồ",76503
"ãi",76405
"sb",76353
"dy",76065
"yn",75711
"ít",75489
"lv",75446
"rp",75217
"oy",74994
"mỗ",74975
"ax",74391
"tứ",74272
"rự",73994
"xs",73951
"lợ",73832
"lụ",73784
"gố",73742
"lm",73688
"iờ",73620
"vâ",73584
"óc",72782
"nế",72568
"cn",72477
"rà",72374
"xư",71754
"cc",71461
"kể",70990
"yr",70955
"uẩ",70341
"kê",70135
"ứa",69919
"rờ",69810
"ez",69772
"lá",69705
"gá",68611
"úa",68433
"áu",68317
"lễ",68163
"nô",67995
"vấ",67920
"hẳ",67891
"ks",67484
"ẫu",67289
"zo",66759
"kr",66758
"rẻ",66751
"ụy",66128
"tị",66007
"ox",65936
"ọa",65877
"hở",65472
"lờ",65297
"tỷ",65172
"ẩu",65095
"rả",64910
"iú",64347
"mậ",64243
"rắ",64103
"xô",63891
"gó",63887
"cà",63841
"dò",63765
"ké",63408
"ắp",63363
"đĩ",63284
"kỹ",63278
"bs",62802
"cy",62462
"tv",62339
"nr",61839
"tò",61786
"mẹ",60776
"ềm",60677
"mọ",60648
"éo",60574
"ym",60329
"gặ",59948
"rv",59870
"bí",59850
"ão",59714
"mẫ",58699
"hằ",57712
"nz",57523
"đu",57513
"ầy",57471
"ix",57371
"bầ",57287
"nề",57044
"ưỡ",56958
"mé",56663
"gs",56600
"tù",56569
"yp",56286
"aj",56154
"ws",55272
"nb",55268
"wn",55030
"cú",54655
"aa",54560
"dầ",54509
"vĩ",54452
"hl",53486
"lô",53130
"gự",53030
"bổ",52882
"rh",52199
"bư",52066
"bã",51671
"kị",51482
"uý",51246
"yc",51049
"sú",50791
"zu",50606
"tồ",50515
"hm",49655
"ắm",49411
"dd",49390
"xo",49000
"rố",48099
"rù",47919
"ậm",47856
"lf",47542
"lg",47342
"eh",46552
"ỡn",46470
"nf",46213
"cạ",45960
"wh",45934
"hè",45507
"đê",45472
"sn",45470
"đớ",45126
"nm",45034
"gy",44633
"mứ",44395
"vợ",44358
"ẹp",44305
"lk",44239
"tắ",44136
"né",44104
"bn",43999
"rõ",43991
"ră",43988
"tz",43663
"ém",43585
"tỏ",43322
"că",43255
"bậ",43013
"lĩ",42943
"kl",42866
"hừ",42593
"bb",42570
"nạ",42477
"mc",42214
"dọ",42143
"sw",42135
"ví",42053
"tp",42019
"lc",41780
"uê",41591
"ôm",41510
"gạ",41449
"uz",41219
"nố",41158
"lò",40991
"đủ",40916
"hử",40733
"mố",40709
"sd",40629
"tw",40433
"ỏa",40367
"lp",40235
"lử",40208
"bờ",40170
"ịu",40167
"fc",39995
"sà",39907
"bă",39856
"ịt",39457
"rf",39374
"yd",39325
"uế",39307
"đỏ",39222
"gì",39175
"xứ",39171
"cs",39081
"nặ",38990
"tú",38988
"yt",38629
"dl",38403
"ựu",38286
"đă",37996
"nl",37590
"xả",37525
"lí",37317
"tm",37310
"dữ",37144
"ớm",37109
"cm",37058
"dg",37006
"hớ",36819
"kg",36549
"dt",36466
"nâ",36420
"iy",36303
"hẹ",36225
"bồ",36197
"ỏn",36073
"bứ",35956
"èo",35877
"xử",35764
"sr",35713
"hặ",35627
"võ",35513
"tn",35403
"đí",35128
"gg",34820
"cắ",34811
"hề",34408
"ij",34384
"dấ",33997
"gt",33508
"py",33270
"uf",33266
"oz",33200
"đậ",33138
"lỗ",33095
"dễ",33035
"xé",32691
"ux",32635
"óp",32624
"vố",32496
"dw",32445
"ọt",32371
"bé",32289
"mề",32222
"gb",32156
"hs",32119
"đọ",31842
"ẵn",31743
"mó",31651
"nv",31590
"èn",31404
"dc",31202
"nj",31179
"kẻ",31106
"uệ",30914
"iấ",30878
"uv",30712
"ẩy",30626
"ww",30566
"dã",30446
"yi",30142
"rô",29904
"td",29688
"ãy",29510
"vọ",29254
"gụ",28978
"cd",28774
"dn",28681
"dh",28510
"bù",28466
"đú",28341
"vừ",28176
"ễm",27979
"gũ",27719
"tb",27515
"ih",27497
"đắ",26961
"mờ",26891
"zh",26858
"ùi",26827
"sợ",26806
"ió",26776
"xy",26764
"sf",26714
"ùy",26639
"vạ",26634
"gò",26618
"uỹ",26584
"đẹ",26548
"rã",26275
"gm",26158
"gă",26124
"bọ",26079
"đệ",25897
"rw",25842
"hw",25703
"lă",25315
"đẩ",25287
"lồ",25284
"bụ",25274
"uỳ",25263
"bò",25212
"xỉ",25210
"aq",25190
"ré",25165
"bề",25146
"rơ",25005
"nỗ",24938
"dậ",24899
"dm",24789
"đỉ",24700
"sé",24677
"nắ",24622
"ér",24199
"mỏ",24113
"rz",24108
"sv",24060
"mn",23942
"lh",23936
"lũ",23920
"kn",23876
"tg",23845
"gử",23673
"uỷ",23667
"uh",23565
"uo",23468
"ửi",23437
"mâ",23333
"tặ",23321
"iq",23231
"cờ",23204
"mũ",23058
"úy",23029
"én",22923
"bc",22884
"kì",22791
"òi",22696
"sớ",22665
"xú",22617
"ứt",22541
"oj",22498
"sz",22429
"ót",22210
"lắ",22147
"ịp",22012
"bè",21959
"lé",21922
"õi",21904
"ũi",21755
"nử",21742
"cỏ",21621
"vs",21600
"ậc",21551
"xí",21542
"ụp",21188
"zz",21151
"dv",21043
"xạ",20960
"uj",20751
"bế",20682
"lọ",20573
"gd",20385
"râ",20374
"tó",20363
"să",20353
"đợ",20313
"đự",20304
"đẳ",20291
"cặ",20276
"tĩ",20173
"đò",19989
"wr",19958
"ớt",19941
"gã",19676
"rữ",19529
"lố",19492
"lẫ",19445
"vú",19414
"ỳn",19398
"ej",19376
"gừ",19286
"zy",19197
"gỗ",19180
"vá",19134
"ọp",19086
"đỗ",18945
"ặm",18900
"ỗn",18837
"kk",18826
"sẵ",18771
"vn",18629
"mt",18556
"iọ",18512
"gấ",18482
"sạ",18302
"mệ",18215
"ln",18143
"xó",18044
"hc",17925
"cb",17855
"kt",17819
"cẩ",17817
"hp",17763
"cừ",17691
"lẽ",17648
"df",17594
"ộp",17554
"nấ",17439
"lặ",17433
"gờ",17348
"mả",17330
"pn",17168
"dá",17143
"ừu",17124
"iw",17106
"ml",17034
"mự",16993
"hd",16895
"kô",16805
"dặ",16797
"bt",16667
"ơm",16484
"yg",16416
"bỉ",16412
"xp",16373
"vr",16133
"đỡ",16102
"gk",16067
"cz",16032
"rứ",15926
"ụm",15909
"bú",15724
"tờ",15702
"ợu",15690
"mồ",15659
"kw",15632
"vẽ",15622
"vl",15619
"ửu",15487
"uỗ",15458
"yb",15383
"mr",15379
"sq",15349
"éc",15306
"gợ",15295
"ỏe",15233
"np",15111
"hẫ",14964
"vỏ",14955
"tf",14926
"kè",14883
"pm",14776
"db",14710
"oã",14553
"đè",14509
"tọ",14500
"ễu",14423
"mẽ",14342
"vy",14332
"mg",14257
"vẻ",14248
"bh",14228
"dừ",14203
"tệ",13975
"pc",13924
"gộ",13919
"kv",13873
"ụt",13814
"dj",13796
"lữ",13775
"mê",13766
"kb",13753
"ốm",13751
"èm",13720
"dũ",13660
"cp",13578
"hk",13566
"bd",13472
"gc",13395
"vỡ",13213
"xấ",13189
"vg",13134
"hẻ",13116
"dõ",13086
"kỉ",13057
"wl",13007
"nw",13001
"uu",12871
"lỵ",12789
"ãm",12751
"lù",12745
"kỵ",12733
"gậ",12685
"ẹn",12681
"iậ",12665
"mè",12595
"dứ",12577
"sụ",12570
"vd",12567
"tk",12496
"bơ",12402
"dp",12381
"ná",12332
"xx",12045
"vt",11988
"sg",11984
"ìa",11966
"pd",11938
"bô",11908
"té",11663
"gw",11629
"tề",11610
"ụi",11597
"vế",11480
"ỡi",11413
"nx",11404
"nã",11396
"òm",11371
"fy",11282
"ué",11214
"qa",11188
"cỡ",11177
"sẻ",11176
"èr",11170
"yw",11139
"hb",11047
"vé",11038
"yk",10925
"vở",10846
"lẻ",10843
"uw",10804
"eq",10786
"cã",10784
"vữ",10755
"mú",10747
"mf",10741
"mơ",10729
"ím",10671
"sữ",10657
"hv",10627
"vả",10363
"gủ",10351
"cq",10302
"ée",10289
"iè",10183
"xv",10165
"mh",10110
"gp",10106
"fs",10084
"nẵ",9882
"đẻ",9874
"lw",9868
"bâ",9709
"wy",9681
"nq",9590
"xf",9545
"tơ",9443
"lz",9413
"mw",9342
"éx",9293
"pf",9271
"fg",9150
"dả",9099
"dố",9066
"yz",9060
"ủi",9039
"nò",9022
"ùm",8881
"md",8859
"és",8846
"lỏ",8778
"iâ",8710
"dé",8677
"dz",8653
"ló",8550
"nồ",8541
"mk",8396
"ẫm",8355
"uạ",8316
"sọ",8303
"wt",8267
"pb",8259
"bm",8197
"gé",8171
"mò",8160
"dí",8084
"wu",8070
"xc",7988
"wc",7984
"lr",7934
"lừ",7898
"dĩ",7886
"vắ",7876
"hũ",7841
"rj",7841
"íp",7821
"lõ",7777
"wk",7688
"él",7685
"dẹ",7682
"kĩ",7663
"cf",7574
"vc",7503
"cg",7478
"zb",7403
"ộm",7390
"fm",7384
"iỏ",7339
"uẫ",7318
"hẽ",7317
"ấc",7204
"hh",7158
"xb",7139
"rq",7126
"gỡ",7085
"mv",7085
"sù",7084
"sí",7059
"rè",7039
"vk",7030
"mừ",7017
"kp",6998
"iã",6963
"tẩ",6962
"zc",6961
"sổ",6929
"vờ",6887
"oq",6715
"đằ",6712
"oằ",6699
"éd",6678
"ắk",6655
"pé",6653
"ró",6636
"rễ",6629
"ẫy",6592
"zn",6575
"oắ",6572
"dỡ",6560
"jr",6528
"kf",6447
"bw",6428
"ég",6421
"dê",6398
"hz",6379
"gẫ",6371
"nở",6366
"xà",6266
"dờ",6244
"pk",6235
"đụ",6211
"ýt",6159
"sã",6134
"vb",6127
"sừ",6124
"cé",6116
"sấ",6113
"lj",6083
"yx",6057
"ès",6055
"nợ",6008
"rỗ",6007
"bữ",5995
"gõ",5975
"ẹt",5865
"gj",5853
"xh",5853
"vẹ",5823
"yf",5821
"cọ",5816
"kẹ",5785
"ár",5751
"mí",5744
"bớ",5708
"dộ",5631
"iặ",5613
"mầ",5612
"ôx",5594
"nả",5543
"rủ",5499
"ów",5493
"ũy",5487
"tđ",5472
"gf",5466
"cồ",5405
"hq",5398
"qi",5374
"kd",5326
"gả",5291
"ẻo",5289
"zm",5288
"zl",5222
"mỡ",5149
"tể",5090
"dk",5056
"zs",5047
"ál",5041
"fk",5040
"lè",5015
"rử",4962
"rx",4945
"zk",4934
"js",4927
"fw",4893
"tủ",4860
"wf",4854
"dắ",4798
"kẽ",4792
"cv",4768
"rệ",4756
"iô",4745
"xê",4740
"kề",4673
"yv",4611
"lứ",4596
"qđ",4585
"dơ",4577
"yy",4569
"fp",4538
"ôt",4533
"rẽ",4493
"đù",4487
"sầ",4423
"kc",4410
"sủ",4394
"sê",4323
"tj",4306
"uà",4305
"õm",4266
"fd",4263
"mă",4258
"bp",4249
"ât",4242
"hf",4216
"sỹ",4210
"dè",4172
"bẩ",4166
"ốp",4165
"bk",4150
"éa",4126
"uã",4081
"vã",4077
"uỵ",4075
"ẹo",4065
"dệ",4022
"dồ",4014
"yh",4013
"wb",4013
"pv",3983
"ór",3963
"fb",3937
"ié",3919
"wd",3844
"jk",3841
"zt",3831
"nậ",3810
"êt",3794
"rổ",3784
"nđ",3743
"év",3734
"ql",3717
"ás",3712
"zw",3690
"xă",3687
"mĩ",3684
"bg",3683
"ơu",3680
"mị",3677
"ụa",3674
"hg",3671
"tx",3665
"bể",3661
"đừ",3658
"bj",3639
"ỉa",3612
"zd",3601
"wm",3592
"fn",3531
"vp",3530
"uq",3513
"lề",3510
"dẻ",3497
"bf",3490
"nọ",3459
"ês",3454
"gơ",3452
"rũ",3429
"mế",3409
"lằ",3399
"úm",3354
"wp",3322
"êr",3306
"vf",3305
"vầ",3278
"vộ",3265
"iư",3254
"jn",3251
"èv",3206
"uặ",3165
"nứ",3157
"fé",3110
"vh",3109
"xl",3107
"bẫ",3103
"cõ",3089
"gv",3046
"xơ",3011
"uở",3007
"sậ",2994
"jm",2993
"mõ",2969
"hđ",2964
"cỗ",2909
"ní",2898
"cí",2898
"èz",2838
"sẫ",2822
"jt",2793
"ăk",2762
"bv",2730
"đt",2722
"đv",2709
"đr",2706
"qg",2688
"iò",2673
"pz",2655
"ís",2653
"ôl",2613
"nụ",2595
"hẵ",2587
"nè",2580
"oé",2578
"pw",2570
"pô",2567
"éb",2558
"jd",2544
"vó",2523
"mổ",2511
"sj",2507
"rỡ",2497
"vv",2482
"dì",2463
"rể",2454
"đẫ",2453
"xm",2447
"cớ",2447
"vằ",2445
"õn",2426
"kj",2397
"pá",2395
"cw",2381
"âl",2379
"oẻ",2374
"zv",2368
"tằ",2363
"uí",2361
"sò",2360
"dỗ",2358
"tè",2357
"kó",2351
"iđ",2342
"đh",2337
"zg",2336
"ửn",2333
"zá",2307
"jh",2291
"ũa",2272
"ẽm",2245
"nệ",2228
"jy",2227
"mx",2222
"zr",2147
"mẻ",2124
"rỉ",2122
"xd",2105
"sỏ",2100
"lơ",2095
"xẻ",2092
"wv",2072
"vđ",2072
"vỹ",2058
"ío",2049
"dó",2042
"èg",2007
"ẻm",1997
"đũ",1996
"ìu",1990
"aô",1958
"fj",1954
"cằ",1946
"cở",1944
"jc",1937
"bỗ",1937
"lỡ",1932
"qh",1914
"rẫ",1908
"tã",1905
"ká",1900
"qf",1889
"tỳ",1888
"jó",1884
"vm",1877
"lở",1876
"đb",1863
"mz",1857
"íu",1856
"mj",1850
"éz",1849
"pq",1840
"gz",1839
"tý",1828
"ờm",1826
"ớu",1816
"fh",1813
"xw",1810
"yj",1803
"tq",1783
"vồ",1781
"ỏm",1780
"bẻ",1759
"bử",1751
"đn",1750
"hj",1741
"ík",1735
"rặ",1733
"íg",1728
"bx",1714
"gè",1701
"cj",1700
"dở",1672
"áv",1657
"gở",1654
"xố",1645
"hx",1641
"dx",1640
"aí",1637
"tỵ",1623
"lì",1617
"rớ",1617
"sồ",1615
"mỉ",1599
"đé",1586
"vỗ",1586
"eó",1585
"cx",1578
"qs",1576
"ír",1564
"wg",1553
"zp",1549
"iụ",1549
"pí",1548
"jj",1545
"vặ",1544
"ád",1542
"xn",1522
"ós",1518
"kệ",1512
"jf",1509
"gỏ",1507
"qt",1475
"òe",1464
"ưt",1434
"bẹ",1416
"ợm",1398
"lẩ",1393
"dô",1393
"zé",1378
"úl",1351
"iă",1347
"sè",1347
"ág",1344
"aé",1337
"xì",1334
"éu",1334
"lq",1323
"kạ",1317
"aú",1316
"rĩ",1295
"vơ",1287
"bừ",1286
"zó",1286
"pj",1276
"nù",1265
"rỏ",1263
"sế",1241
"hỷ",1241
"lx",1229
"ẽn",1211
"tẻ",1210
"gù",1209
"oă",1208
"jb",1206
"vx",1201
"íl",1195
"zơ",1180
"gx",1170
"vẩ",1168
"mễ",1162
"pè",1147
"pê",1147
"nớ",1145
"vứ",1134
"bq",1117
"vj",1112
"bự",1110
"ív",1109
"ởm",1107
"ẻn",1107
"bz",1091
"áz",1087
"ól",1069
"cđ",1065
"ađ",1054
"jl",1046
"mẩ",1039
"vỉ",1033
"õa",1032
"ús",1030
"qr",1020
"sộ",1019
"gớ",1012
"uă",1009
"sx",1007
"jú",988
"vq",961
"hễ",958
"xq",958
"fx",952
"qe",951
"áb",948
"ẽo",943
"mủ",941
"sặ",935
"ôr",934
"xắ",928
"ôp",921
"ôg",920
"jv",920
"ẳm",918
"qq",915
"úb",908
"qo",904
"xù",902
"đẽ",893
"èc",892
"dq",888
"ýn",882
"uẻ",868
"xg",865
"fv",865
"cữ",864
"jé",863
"gq",859
"nầ",854
"nị",848
"vè",846
"tễ",844
"sỉ",842
"gứ",841
"mỳ",817
"xị",812
"ôc",811
"qv",805
"óz",802
"dế",801
"êô",798
"vê",798
"éf",795
"uắ",791
"pú",789
"nể",787
"iơ",783
"đq",781
"kz",778
"pơ",775
"iỗ",771
"qp",771
"iồ",769
"oọ",760
"ỉm",756
"uớ",754
"êl",749
"sẹ",742
"já",739
"dề",735
"sỡ",734
"gẩ",733
"xr",730
"hỡ",725
"êp",717
"dă",716
"ák",716
"uơ",714
"iằ",703
"zf",701
"oó",698
"zq",697
"ỉu",685
"yá",677
"gđ",677
"gí",675
"lả",669
"sì",666
"tở",660
"cẳ",660
"bặ",659
"qb",657
"hõ",655
"nỏ",654
"fz",648
"jg",647
"qc",639
"èl",636
"ôb",626
"fá",626
"xộ",623
"oè",622
"gỉ",616
"xổ",606
"mq",603
"ựt",590
"lđ",589
"mử",585
"éj",583
"óe",580
"jw",579
"dẳ",573
"fí",573
"vz",569
"ỷu",565
"xò",560
"dằ",559
"ób",552
"ód",551
"uè",551
"sờ",542
"èd",540
"kq",534
"zú",534
"zô",533
"wz",532
"hý",526
"êi",525
"éi",522
"dú",521
"íb",518
"pó",518
"sẩ",511
"ưc",506
"ơt",506
"gú",504
"éh",500
"qw",498
"êg",487
"ôz",487
"yđ",477
"új",477
"lẹ",476
"iầ",475
"ój",469
"tợ",463
"ơr",463
"áe",457
"rế",453
"gổ",447
"úf",444
"yq",442
"lủ",440
"đc",436
"ék",429
"éq",428
"wó",426
"bđ",421
"èt",420
"nẻ",419
"lế",417
"qn",417
"wj",412
"jí",411
"xở",409
"xk",408
"nỡ",406
"kx",402
"rẩ",399
"ău",397
"uề",395
"qd",393
"ãe",391
"êđ",391
"pă",391
"vw",388
"âr",387
"ôk",386
"pà",386
"úr",384
"êc",383
"bợ",379
"íz",377
"xđ",376
"zj",374
"cè",370
"pù",368
"ný",366
"ôh",366
"mỵ",362
"rề",359
"nỉ",358
"óv",357
"zè",355
"qm",354
"ăr",347
"oò",341
"ăc",339
"xẩ",337
"yè",333
"íd",333
"õe",332
"ựo",332
"iẻ",325
"rđ",321
"óg",318
"sđ",318
"êx",318
"ôđ",313
"fè",313
"às",308
"ĩu",308
"iũ",307
"đd",307
"xỏ",306
"yé",304
"pắ",298
"iẫ",296
"cợ",293
"sệ",292
"éâ",288
"iắ",287
"dẽ",287
"áh",286
"ơv",284
"iù",280
"oẵ",279
"kđ",277
"ũm",274
"đễ",274
"dỏ",273
"àl",272
"pò",272
"iạ",268
"ăl",267
"eđ",267
"âc",265
"nẫ",264
"rý",264
"wq",262
"fú",262
"ôs",262
"zx",256
"tẫ",256
"wx",251
"ổm",250
"ýc",250
"ýp",249
"đk",248
"uđ",244
"xè",244
"zì",240
"jz",240
"iở",239
"êv",237
"nõ",236
"àb",235
"èq",232
"ơl",232
"fq",231
"êq",230
"àt",230
"qư",229
"wé",227
"uó",226
"yó",225
"cê",224
"ăs",224
"nự",224
"uể",223
"kơ",223
"ýr",222
"dđ",220
"ìz",218
"zê",217
"fà",217
"bẽ",215
"êh",215
"ođ",215
"õr",212
"lổ",211
"ăt",210
"êk",210
"uẹ",209
"xẹ",208
"iỡ",208
"xớ",207
"pả",205
"jà",204
"pâ",204
"xõ",203
"áj",201
"ẹm",201
"gê",201
"áf",200
"vý",196
"ìx",196
"fê",196
"èb",195
"nẹ",195
"bủ",195
"qk",194
"yà",192
"êa",192
"xj",190
"đs",187
"àr",185
"ơc",183
"xệ",182
"úd",181
"úk",179
"ýa",178
"mý",176
"sể",175
"xz",174
"ảu",174
"lẳ",174
"êb",173
"yí",171
"kà",170
"mđ",168
"qx",166
"êd",161
"ôv",161
"đl",161
"fó",159
"zũ",159
"oỏ",158
"iẽ",156
"ơp",155
"yô",154
"úz",151
"óh",150
"lỳ",150
"qy",149
"vể",149
"ẻh",148
"aâ",148
"oẹ",147
"ók",147
"íq",146
"yú",146
"oí",145
"ză",144
"eá",144
"aị",143
"pồ",143
"đm",140
"đở",140
"nễ",138
"ọe",137
"ăh",136
"óf",136
"áx",136
"wá",135
"íf",135
"òr",135
"đp",133
"eã",133
"uì",132
"pố",132
"tõ",132
"ẵm",131
"uợ",128
"fâ",128
"sị",127
"zí",127
"jõ",126
"qú",125
"ăi",124
"âp",123
"àh",122
"où",121
"ịm",120
"qz",119
"nẩ",117
"ăp",117
"àc",116
"lỉ",116
"ốk",116
"sõ",115
"jx",114
"uẳ",114
"âg",113
"ảr",113
"eí",113
"mằ",112
"đg",110
"qj",110
"òs",110
"dớ",110
"iẹ",110
"uò",109
"ịb",109
"kõ",108
"êz",107
"bẳ",107
"qí",105
"uọ",104
"pđ",102
"dử",102
"uằ",102
"jì",102
"pờ",102
"ủm",101
"ôô",101
"ăd",99
"rẹ",99
"đđ",99
"ýe",98
"jq",97
"àp",97
"vẳ",96
"gằ",95
"ỗm",95
"õl",95
"pạ",94
"põ",94
"ừm",93
"èi",93
"lể",90
"yù",89
"bõ",88
"kú",88
"yì",87
"bỡ",87
"úv",86
"đẵ",86
"ưm",86
"aý",85
"ỹt",84
"íe",84
"bĩ",84
"nĩ",83
"àg",83
"oẳ",82
"dợ",82
"sằ",81
"wú",80
"õg",79
"dẩ",79
"ỷn",78
"mợ",77
"xậ",76
"èu",75
"óu",75
"xụ",75
"sũ",73
"õh",73
"nì",72
"qê",72
"ơg",72
"ưo",72
"êê",71
"àd",71
"ựợ",71
"àa",70
"ăg",69
"nũ",69
"iự",69
"ôd",68
"sẳ",68
"mỷ",68
"jô",68
"òu",68
"sề",67
"éé",67
"éy",67
"pế",65
"íh",65
"pã",65
"zế",64
"aó",64
"âd",63
"ýs",63
"ưh",62
"fă",62
"xĩ",61
"kâ",61
"eé",60
"aọ",60
"ơk",59
"èp",59
"zà",59
"âi",59
"âb",59
"ýd",59
"lẵ",59
"ảc",58
"âh",58
"ạu",58
"ảf",58
"tẹ",58
"pư",57
"ẹc",57
"đx",57
"pụ",57
"eà",56
"uờ",56
"pì",56
"ơx",56
"aá",56
"íx",55
"wè",55
"ốg",55
"ởt",55
"àv",55
"íj",54
"kă",54
"òl",54
"ốđ",53
"xồ",53
"ĩm",53
"ôa",53
"nẳ",52
"óo",52
"dý",51
"ọk",51
"jè",51
"ỵt",50
"ứo",49
"ăz",47
"àe",47
"iộ",47
"ịê",47
"ĩđ",47
"âv",47
"dổ",47
"ừo",47
"ếl",46
"wà",46
"yý",44
"jê",44
"áq",44
"ăv",43
"ơh",43
"ểt",43
"ảđ",42
"ủt",42
"xẫ",42
"dể",41
"àđ",41
"bẵ",40
"aà",40
"ưọ",40
"xừ",40
"ẩt",40
"ưò",40
"ựơ",40
"òc",40
"ưư",40
"xầ",40
"êú",40
"ỡm",39
"ỹw",39
"ým",39
"aò",39
"fù",39
"úq",38
"ạị",38
"ứh",38
"õu",38
"ưi",38
"éw",37
"ãu",37
"ýo",36
"dủ",36
"ìh",36
"yă",36
"yâ",35
"ủk",35
"qủ",35
"oê",35
"bễ",35
"êo",35
"âs",35
"àf",34
"jơ",34
"ưs",34
"oú",34
"ọo",34
"jâ",33
"úh",33
"óy",33
"gĩ",33
"mẳ",33
"qì",33
"pẻ",32
"rẳ",32
"áa",32
"wò",32
"ứơ",32
"vủ",32
"eú",32
"ơì",32
"ôồ",31
"iứ",31
"xờ",31
"qũ",31
"àj",31
"ôw",31
"ỵu",31
"iổ",30
"ôj",30
"ẳt",30
"hỳ",30
"jã",30
"ưv",30
"dẵ",30
"ãs",29
"ụk",29
"ìy",29
"úg",29
"kò",29
"ưố",29
"oâ",29
"ưó",29
"õs",28
"pấ",28
"ưr",28
"ơb",28
"âa",28
"vỵ",28
"xằ",27
"àk",27
"ạh",27
"iõ",27
"pứ",27
"ởh",27
"ưg",26
"nủ",26
"yò",26
"ỳa",26
"ìt",26
"xề",26
"èy",26
"bý",26
"êy",26
"đy",25
"xự",25
"gị",25
"tỗ",25
"ừơ",25
"kầ",25
"wê",25
"ãt",25
"ôố",25
"ôê",25
"ởc",25
"wâ",25
"fị",25
"ịệ",24
"zắ",24
"nừ",24
"ũg",24
"ìj",24
"oị",24
"ôf",24
"pị",24
"ẻr",24
"aè",24
"aì",24
"ộk",23
"íy",23
"uị",23
"eô",23
"kả",23
"tũ",23
"ơí",23
"cẫ",23
"ỵê",23
"ẻu",23
"pỉ",23
"qù",22
"aủ",22
"ấo",22
"ưy",22
"ựl",22
"pặ",22
"ỵệ",22
"ịj",22
"jù",22
"ìg",22
"ộd",22
"ứi",22
"ýv",22
"êw",22
"sý",21
"lỹ",21
"ậo",21
"õd",21
"ýk",21
"ưk",21
"gề",21
"ôe",21
"hỹ",21
"òg",21
"aở",21
"uẽ",21
"iý",21
"ăb",21
"ơa",21
"kễ",21
"ếo",21
"ỹh",21
"zâ",21
"ữs",21
"ơd",20
"ùt",20
"âk",20
"ăj",20
"ảt",20
"âo",20
"ưb",20
"ốv",20
"kư",20
"cì",20
"ọm",20
"âư",20
"ưạ",19
"òd",19
"ệb",19
"aỉ",19
"àx",19
"òt",19
"gẽ",19
"ýl",19
"ìs",19
"óx",19
"tẳ",19
"ơđ",19
"ùb",19
"ĩt",19
"ùl",19
"aỳ",19
"ốb",19
"ưl",19
"ồd",18
"pằ",18
"oô",18
"ưổ",18
"ữg",18
"ớí",18
"vẵ",18
"ịs",18
"íế",18
"úo",18
"ìd",18
"jọ",18
"òh",18
"ửo",18
"ựb",18
"wă",18
"ãc",18
"ềt",17
"ềc",17
"áđ",17
"đõ",17
"fô",17
"aê",17
"uỡ",17
"uỏ",17
"ổt",17
"eò",17
"uư",17
"òb",17
"wù",17
"òf",17
"õt",17
"ăo",17
"èe",17
"ỳt",17
"ộg",17
"ýh",17
"ưỏ",17
"ịl",17
"rỳ",17
"lỷ",17
"ẹu",16
"ăw",16
"fạ",16
"sỗ",16
"ốl",16
"êe",16
"mẵ",16
"ơơ",16
"ùr",16
"ửt",16
"ịđ",16
"kố",16
"yõ",16
"nờ",16
"âq",16
"âz",16
"ââ",16
"ũt",16
"ỹr",16
"ừc",16
"ọạ",15
"ọl",15
"ơw",15
"ảp",15
"ùz",15
"ùs",15
"ôị",15
"ùc",15
"ầo",15
"đw",15
"ởb",15
"ỵc",15
"xủ",15
"òv",15
"uú",15
"ìo",15
"ỏc",14
"ởs",14
"zõ",14
"ởl",14
"ựm",14
"úu",14
"ởp",14
"ầi",14
"zề",14
"ùh",14
"ưồ",14
"ưộ",14
"eâ",14
"ứớ",14
"ìc",14
"zạ",14
"ủđ",14
"đữ",14
"ũl",14
"ỵe",14
"áw",14
"gẹ",14
"ií",14
"pầ",14
"ộl",14
"ốx",14
"ỹc",14
"ổc",14
"ụg",13
"ốs",13
"fã",13
"ấi",13
"ộb",13
"êí",13
"wí",13
"ùg",13
"ờu",13
"ởv",13
"iừ",13
"ếb",13
"ùp",13
"èh",13
"èk",13
"ốh",13
"ửs",13
"đj",13
"ữc",13
"ìq",13
"ỹa",13
"yũ",13
"ừt",13
"ơs",13
"ựg",13
"ỹl",13
"òo",13
"ỳc",13
"àq",13
"âw",13
"aã",13
"ãl",13
"àw",12
"ẻv",12
"ếh",12
"ộs",12
"pủ",12
"ậi",12
"âù",12
"ìe",12
"ờc",12
"ếv",12
"óđ",12
"ếy",12
"ìề",12
"ôo",12
"êụ",12
"àì",12
"ỏt",12
"rỵ",12
"wđ",12
"ỷa",12
"ĩv",12
"ủc",12
"ủb",12
"ứp",12
"ảh",12
"ảl",12
"ảs",12
"dỹ",12
"ịh",12
"íđ",12
"fđ",12
"ệo",12
"ởđ",12
"ìl",12
"ựp",12
"óq",12
"uỉ",12
"ờì",12
"zụ",12
"ệi",11
"ệl",11
"ềl",11
"ểc",11
"pọ",11
"uủ",11
"ầt",11
"wọ",11
"èf",11
"ưp",11
"ơớ",11
"zã",11
"ãb",11
"ỉr",11
"mể",11
"òw",11
"ịủ",11
"fò",11
"ôộ",11
"ụê",11
"ìr",11
"ồs",11
"ờg",11
"ồt",11
"ởx",11
"áí",11
"íê",11
"ởd",11
"qó",10
"ứe",10
"õõ",10
"eý",10
"ôí",10
"aư",10
"áá",10
"êế",10
"qụ",10
"iử",10
"ưd",10
"ụh",10
"tẽ",10
"ợg",10
"gẳ",10
"ếq",10
"ềi",10
"kù",10
"dỉ",10
"óọ",10
"kờ",10
"ãđ",10
"ưw",10
"ểp",10
"ỏs",10
"ệv",10
"pý",10
"zù",10
"ềx",10
"ữt",10
"aù",10
"ừv",9
"ỳl",9
"wừ",9
"ựạ",9
"xợ",9
"êf",9
"ụs",9
"ụâ",9
"ạl",9
"wụ",9
"ũu",9
"gệ",9
"ẩi",9
"iẩ",9
"ỉt",9
"ỉs",9
"ỉe",9
"ỹn",9
"ìp",9
"ọô",9
"ệk",9
"ọă",9
"ìđ",9
"jế",9
"ẫp",9
"ãh",9
"àz",9
"sễ",9
"uẵ",9
"pớ",9
"íá",9
"qâ",9
"ỳr",9
"ựh",8
"ỳe",8
"zò",8
"ỳđ",8
"ĩh",8
"ỷt",8
"aỵ",8
"aă",8
"aĩ",8
"zý",8
"ĩc",8
"nỷ",8
"yẽ",8
"iì",8
"ịv",8
"ệs",8
"kủ",8
"ệh",8
"jă",8
"ộh",8
"ếd",8
"ộv",8
"ẽf",8
"ộy",8
"ặo",8
"ữm",8
"ờt",8
"vổ",8
"oì",8
"ầp",8
"ủv",8
"ừi",8
"xý",8
"xọ",8
"dỵ",8
"yư",8
"vử",8
"ỹđ",8
"ãv",8
"íi",8
"ìb",8
"õv",8
"ìk",8
"ýb",8
"õj",8
"õk",8
"ãp",8
"úđ",8
"ĩs",7
"õo",7
"âý",7
"ằt",7
"qữ",7
"ằu",7
"ĩo",7
"ừb",7
"ẵc",7
"gế",7
"ộị",7
"ộu",7
"ằy",7
"aỏ",7
"ơặ",7
"ùu",7
"èè",7
"ựs",7
"ạk",7
"vễ",7
"uĩ",7
"ưứ",7
"ùj",7
"ùk",7
"tữ",7
"ởu",7
"íó",7
"ởa",7
"ựk",7
"ắy",7
"ủh",7
"qá",7
"âỵ",7
"ăa",7
"ốd",7
"ôu",7
"oư",7
"yọ",7
"ửg",7
"ọh",7
"ỉể",7
"cỉ",7
"úx",7
"ỉh",7
"iủ",7
"ưã",7
"mữ",7
"ưđ",7
"kũ",7
"yơ",7
"ếđ",7
"àô",7
"ýê",7
"nỳ",7
"ếg",7
"ổđ",7
"pở",7
"xữ",7
"nẽ",7
"úe",7
"ãz",7
"ữi",7
"õp",6
"ạọ",6
"eù",6
"yả",6
"òò",6
"ưụ",6
"xặ",6
"ưô",6
"eè",6
"ãã",6
"òp",6
"wẽ",6
"ôq",6
"ụỵ",6
"ụđ",6
"ỗt",6
"ýđ",6
"ổl",6
"pậ",6
"ồa",6
"ễt",6
"ệd",6
"ỏo",6
"ỉg",6
"úw",6
"ọg",6
"ọb",6
"ịg",6
"ịk",6
"ịq",6
"ìớ",6
"pự",6
"ớg",6
"ậh",6
"ăâ",6
"ụu",6
"ăy",6
"ùd",6
"fũ",6
"ợk",6
"êù",6
"ờl",6
"ùq",6
"gý",6
"ắu",6
"ờq",6
"ờp",6
"gẵ",6
"ãg",6
"ợh",6
"ôọ",6
"õb",6
"ựv",6
"bũ",6
"ơe",6
"bỳ",6
"ũs",6
"ũc",6
"ãa",6
"ãd",6
"ỳd",6
"ỳh",6
"ơà",6
"đử",6
"ỹu",5
"ìi",5
"ỵp",5
"ếs",5
"ứk",5
"pẹ",5
"êj",5
"ứm",5
"ạj",5
"ẩư",5
"xũ",5
"ýi",5
"ỹv",5
"ểl",5
"ổb",5
"eõ",5
"ìả",5
"ịe",5
"ĩi",5
"eê",5
"ộđ",5
"ớư",5
"zư",5
"iị",5
"ầư",5
"jầ",5
"jạ",5
"zờ",5
"jĩ",5
"ụr",5
"pợ",5
"ẽj",5
"ơư",5
"ụl",5
"ấâ",5
"ủl",5
"ỏr",5
"óõ",5
"ìệ",5
"èj",5
"ảe",5
"ảd",5
"ảb",5
"ẻz",5
"âf",5
"fơ",5
"àà",5
"fư",5
"zđ",5
"ỵn",5
"qả",5
"cỷ",5
"ưõ",5
"ởg",5
"ãr",5
"ẹk",5
"óú",5
"ưà",5
"ìê",5
"ỳp",5
"ìf",5
"qô",5
"yở",5
"gỳ",5
"ỳs",5
"ữd",5
"ưj",5
"cị",5
"ửp",5
"kã",5
"ĩk",5
"âụ",5
"ậỵ",5
"yã",5
"ưấ",5
"ơợ",5
"ỳb",5
"âj",5
"ửở",5
"ốr",5
"ỉo",5
"ýu",5
"ặy",4
"ấư",4
"gẻ",4
"ởq",4
"ụe",4
"ỉb",4
"fì",4
"ệy",4
"kỏ",4
"ỗc",4
"rẵ",4
"ũr",4
"aạ",4
"oở",4
"wơ",4
"eụ",4
"ỏl",4
"ớo",4
"ờs",4
"ỹg",4
"kọ",4
"uứ",4
"ỡu",4
"ẻi",4
"ỉl",4
"kồ",4
"ởo",4
"ỉi",4
"ọy",4
"ớk",4
"oỉ",4
"ùe",4
"uễ",4
"kở",4
"ằg",4
"aả",4
"ỹd",4
"ọw",4
"ốo",4
"áâ",4
"ổv",4
"òq",4
"ừg",4
"ồl",4
"ềa",4
"ựi",4
"ôổ",4
"ìế",4
"ổh",4
"ồđ",4
"ơf",4
"ạf",4
"ạg",4
"úâ",4
"èa",4
"ịi",4
"ềh",4
"ểđ",4
"ồg",4
"ồc",4
"yạ",4
"ềp",4
"ềs",4
"ốf",4
"ịo",4
"ửc",4
"ưq",4
"yẹ",4
"ềđ",4
"ửl",4
"yờ",4
"ửy",4
"òj",4
"ưừ",4
"ủo",4
"ủu",4
"wắ",4
"ảv",4
"ôy",4
"ủe",4
"ệđ",4
"aỷ",4
"ảk",4
"ỏđ",4
"ủr",4
"ảa",4
"ếi",4
"ếk",4
"wờ",4
"qố",4
"zọ",4
"kẩ",3
"ìể",3
"ýq",3
"ềy",3
"hỵ",3
"àị",3
"ểs",3
"ếa",3
"ỏở",3
"úở",3
"pử",3
"ĩd",3
"ỏh",3
"ốá",3
"ớì",3
"jả",3
"ổq",3
"ốu",3
"ăe",3
"ĩl",3
"ỏy",3
"ểd",3
"àấ",3
"ểi",3
"ẹi",3
"kắ",3
"ốố",3
"ồk",3
"aơ",3
"ếư",3
"ỷe",3
"ýg",3
"ĩb",3
"ềb",3
"ỵm",3
"pẳ",3
"jư",3
"ẻc",3
"ỏk",3
"pộ",3
"aấ",3
"ỏp",3
"ẽc",3
"ộa",3
"ýz",3
"ôì",3
"àá",3
"ốe",3
"ỹb",3
"ẻg",3
"ìữ",3
"cế",3
"ẵu",3
"ạỵ",3
"zậ",3
"ưự",3
"ứs",3
"wứ",3
"ứg",3
"ứb",3
"eư",3
"ạx",3
"ủủ",3
"zố",3
"ủs",3
"ảg",3
"ụq",3
"ủq",3
"eọ",3
"ỉỉ",3
"ủg",3
"eở",3
"âị",3
"áé",3
"ờd",3
"ấh",3
"ụv",3
"wô",3
"xẽ",3
"ựj",3
"ôủ",3
"ịf",3
"ơờ",3
"ơở",3
"ịz",3
"ửv",3
"yụ",3
"ữl",3
"cẽ",3
"ửf",3
"aõ",3
"nỹ",3
"ừđ",3
"ừw",3
"ơz",3
"òz",3
"ưá",3
"ịạ",3
"yừ",3
"ưú",3
"ừp",3
"cẵ",3
"oơ",3
"ưả",3
"ãx",3
"ũq",3
"wạ",3
"ọj",3
"êé",3
"ựô",3
"ởí",3
"ậl",3
"ũh",3
"tỹ",3
"ậư",3
"ởk",3
"ởj",3
"fủ",3
"ởf",3
"rỷ",3
"ỳi",3
"ờđ",3
"àỵ",3
"àỳ",3
"ằi",3
"ờr",3
"ỳq",3
"ẳc",3
"ỉc",3
"ĩp",3
"ùx",3
"âú",3
"ỡc",3
"áà",3
"ọs",3
"ẩo",3
"ầh",3
"ỉả",3
"kụ",3
"vỷ",3
"vỳ",3
"ỉê",3
"ợo",3
"fả",3
"ợl",3
"âấ",3
"fấ",3
"ùf",3
"ợf",3
"ỡh",3
"ẩp",3
"ỡo",3
"ợd",3
"ẫi",3
"oẽ",3
"kứ",2
"kự",2
"ỹx",2
"ỏf",2
"ìà",2
"ỏb",2
"ỹk",2
"ìv",2
"ỏv",2
"ọị",2
"ỷđ",2
"ỷơ",2
"ịể",2
"ôá",2
"ịô",2
"ốa",2
"ịề",2
"ọu",2
"ỹi",2
"ỹp",2
"ỹs",2
"kấ",2
"ỳv",2
"jớ",2
"ựy",2
"ủd",2
"ụơ",2
"ụý",2
"ụw",2
"ựx",2
"ụd",2
"fõ",2
"fý",2
"ợư",2
"ịx",2
"ốq",2
"ựz",2
"ợa",2
"fố",2
"ởở",2
"ựđ",2
"aứ",2
"ựề",2
"ựớ",2
"ởr",2
"eỏ",2
"ủà",2
"ủơ",2
"ứl",2
"ữb",2
"cề",2
"ửđ",2
"ữh",2
"ửd",2
"ửb",2
"ừờ",2
"òy",2
"ữđ",2
"ừs",2
"cĩ",2
"cý",2
"ừk",2
"ừh",2
"ựd",2
"ừf",2
"ứv",2
"eì",2
"òk",2
"ởe",2
"ỳg",2
"ỳk",2
"iợ",2
"ỗp",2
"jò",2
"ổổ",2
"ổí",2
"ổu",2
"ổp",2
"ôó",2
"ỷl",2
"ổk",2
"ổg",2
"ồp",2
"ồo",2
"ồh",2
"ồb",2
"ốị",2
"ốư",2
"ốô",2
"ốì",2
"ốy",2
"ộj",2
"iỉ",2
"ùv",2
"iẳ",2
"aậ",2
"ỳu",2
"ỵa",2
"ờk",2
"óó",2
"ờh",2
"ờb",2
"ờa",2
"ớỉ",2
"ùà",2
"ớs",2
"ùù",2
"ớh",2
"ớe",2
"ớb",2
"ộư",2
"ộô",2
"ộr",2
"ộq",2
"ịy",2
"áứ",2
"ãf",2
"pổ",2
"rỹ",2
"zị",2
"ềg",2
"âọ",2
"ếở",2
"ếé",2
"xẳ",2
"âỳ",2
"ơo",2
"ạb",2
"ằc",2
"ạa",2
"ưữ",2
"qự",2
"ýy",2
"ếr",2
"pề",2
"zồ",2
"pẩ",2
"ềo",2
"ạs",2
"ĩở",2
"ạv",2
"ậụ",2
"ểg",2
"đf",2
"ểb",2
"ãq",2
"ắg",2
"wủ",2
"ềư",2
"ắi",2
"ũk",2
"sỵ",2
"ắl",2
"êư",2
"êủ",2
"ẳp",2
"xẵ",2
"ễc",2
"xể",2
"qă",2
"ẻy",2
"ưê",2
"ưâ",2
"pừ",2
"ẻl",2
"ưx",2
"ẹj",2
"ẹl",2
"ãk",2
"yẻ",2
"êệ",2
"qý",2
"êể",2
"yẩ",2
"yầ",2
"yấ",2
"ẹa",2
"ưũ",2
"ưầ",2
"ẽs",2
"ăf",2
"ãĩ",2
"ưỗ",2
"ẽx",2
"ẽu",2
"ẽt",2
"ẵy",2
"yợ",2
"ýợ",2
"ơạ",2
"ẽl",2
"xỡ",2
"ơị",2
"ưề",2
"ẽi",2
"ẽh",2
"oỵ",2
"ũd",2
"oầ",2
"oậ",2
"ệg",2
"ýj",2
"wề",2
"wẻ",2
"oồ",2
"âì",2
"wã",2
"âê",2
"ệấ",2
"ệụ",2
"uụ",2
"uữ",2
"wỉ",2
"wằ",2
"ăq",2
"ỉệ",2
"ẩc",2
"àở",2
"ỉế",2
"ầá",2
"úú",2
"àư",2
"àọ",2
"ảỉ",2
"ịd",2
"éí",2
"ầc",2
"ịr",2
"oử",2
"èé",2
"ẫt",2
"áả",2
"ĩx",2
"ĩw",2
"ạđ",2
"ạạ",2
"ễp",2
"êì",2
"oý",2
"úù",2
"ạí",2
"wì",2
"ĩr",2
"ẫư",2
"ừe",1
"eủ",1
"õy",1
"ừz",1
"õđ",1
"ấr",1
"ụô",1
"ấg",1
"ưỉ",1
"ưậ",1
"ưz",1
"ụà",1
"wõ",1
"ưẩ",1
"õò",1
"ừl",1
"ụz",1
"wũ",1
"dỳ",1
"ưý",1
"õf",1
"ừd",1
"ừr",1
"ấl",1
"ụx",1
"íứ",1
"ứđ",1
"ảả",1
"wể",1
"ãở",1
"wự",1
"èw",1
"eă",1
"wỏ",1
"eĩ",1
"ạở",1
"eấ",1
"eơ",1
"wợ",1
"eạ",1
"ủỷ",1
"ủữ",1
"wở",1
"ủở",1
"ủạ",1
"ủô",1
"eẹ",1
"ãơ",1
"xỗ",1
"eố",1
"ụư",1
"ụố",1
"ụộ",1
"ứở",1
"wả",1
"ảì",1
"õx",1
"ạì",1
"õw",1
"ứà",1
"wẳ",1
"ứx",1
"ưủ",1
"ăở",1
"ứq",1
"wặ",1
"ạd",1
"ừà",1
"ịw",1
"cỹ",1
"ừư",1
"ỵễ",1
"ỵề",1
"ỵế",1
"đỳ",1
"ỵs",1
"ỵq",1
"ĩg",1
"âí",1
"ĩj",1
"ỵi",1
"âò",1
"aầ",1
"ỳở",1
"ôư",1
"ỳê",1
"ỳx",1
"zỹ",1
"âũ",1
"ôạ",1
"ĩâ",1
"ĩê",1
"zỵ",1
"ỳm",1
"ôẻ",1
"ĩư",1
"ĩệ",1
"ĩứ",1
"ôể",1
"zự",1
"àé",1
"âx",1
"ỷc",1
"âe",1
"ỹâ",1
"áộ",1
"óớ",1
"áố",1
"áọ",1
"áắ",1
"óố",1
"áư",1
"áơ",1
"ỹm",1
"óư",1
"áý",1
"áú",1
"àớ",1
"àí",1
"óý",1
"àổ",1
"ỷể",1
"àỉ",1
"àầ",1
"ỷx",1
"ỷv",1
"àơ",1
"ỷp",1
"àă",1
"àò",1
"ỷj",1
"ỷh",1
"ôỉ",1
"ũb",1
"aợ",1
"cể",1
"yứ",1
"õc",1
"yủ",1
"ữk",1
"ơô",1
"ơả",1
"òó",1
"eừ",1
"ơụ",1
"ơủ",1
"ửâ",1
"ơỵ",1
"yỡ",1
"ưe",1
"ữp",1
"yộ",1
"ửr",1
"yổ",1
"yồ",1
"cỳ",1
"ửm",1
"yố",1
"ửk",1
"cỵ",1
"ửh",1
"ửe",1
"yắ",1
"yậ",1
"ữo",1
"cẻ",1
"ựủ",1
"zễ",1
"aụ",1
"ũe",1
"óí",1
"zữ",1
"zừ",1
"ựà",1
"âạ",1
"zợ",1
"ũp",1
"ũv",1
"zớ",1
"ũđ",1
"òờ",1
"bỹ",1
"ơê",1
"ơj",1
"ơq",1
"òô",1
"ựe",1
"âỷ",1
"đz",1
"yỵ",1
"yỳ",1
"ữạ",1
"ữơ",1
"ơy",1
"ữx",1
"cẹ",1
"ấw",1
"êá",1
"ụo",1
"ềủ",1
"ềk",1
"êở",1
"jắ",1
"ềr",1
"ốộ",1
"pĩ",1
"ềv",1
"jặ",1
"ềâ",1
"ốó",1
"ốí",1
"ềô",1
"ềụ",1
"jẽ",1
"ễk",1
"ìơ",1
"ìũ",1
"êừ",1
"jệ",1
"ểj",1
"jỉ",1
"jộ",1
"ểk",1
"jờ",1
"oỷ",1
"ìì",1
"oữ",1
"ểv",1
"jẩ",1
"ồj",1
"ềd",1
"jấ",1
"ỗf",1
"ỗb",1
"ýở",1
"ổỉ",1
"ẽp",1
"ổá",1
"ổx",1
"ổs",1
"ổr",1
"ẽđ",1
"ýờ",1
"ổo",1
"ýô",1
"pỏ",1
"pể",1
"pẽ",1
"ếw",1
"ổa",1
"ồị",1
"ồỉ",1
"ếx",1
"ồì",1
"ồu",1
"êỉ",1
"ìấ",1
"ồr",1
"ếz",1
"ễd",1
"oứ",1
"jđ",1
"ỉữ",1
"úơ",1
"ọv",1
"ỉv",1
"ỉw",1
"ọr",1
"kổ",1
"kớ",1
"ỉy",1
"ỉđ",1
"kợ",1
"ỉơ",1
"ỉề",1
"ỉễ",1
"kừ",1
"ỏị",1
"kử",1
"ịữ",1
"ịụ",1
"ịở",1
"ịế",1
"ịẩ",1
"oõ",1
"ịư",1
"úé",1
"úô",1
"ịé",1
"ịá",1
"úí",1
"ỉp",1
"ọà",1
"ọè",1
"oế",1
"ỏỉ",1
"ỏẻ",1
"ỏả",1
"ỏư",1
"ỏô",1
"ỏà",1
"oợ",1
"ễđ",1
"ỏu",1
"ìè",1
"ìá",1
"oờ",1
"oớ",1
"kậ",1
"oộ",1
"oổ",1
"ỏj",1
"ệx",1
"ệz",1
"kẳ",1
"oệ",1
"ọộ",1
"ọọ",1
"úờ",1
"oề",1
"ọđ",1
"ìw",1
"ỗg",1
"ìễ",1
"eự",1
"ậw",1
"ỡl",1
"fổ",1
"ỡa",1
"uũ",1
"ởỉ",1
"ởấ",1
"ởơ",1
"íú",1
"ởì",1
"ởy",1
"uù",1
"ởw",1
"uõ",1
"fộ",1
"ắx",1
"íõ",1
"êă",1
"ậâ",1
"sỷ",1
"fở",1
"fợ",1
"ắd",1
"fụ",1
"sỳ",1
"íè",1
"ắo",1
"íâ",1
"ờở",1
"êâ",1
"fọ",1
"ẫo",1
"ỡp",1
"õở",1
"ầb",1
"íộ",1
"íơ",1
"ụf",1
"èơ",1
"ầl",1
"ụb",1
"éá",1
"ợị",1
"éè",1
"ợơ",1
"ợí",1
"ợv",1
"éọ",1
"ợs",1
"ợr",1
"ầâ",1
"ầù",1
"ầụ",1
"ầủ",1
"ẩh",1
"ẩl",1
"uự",1
"fẹ",1
"áở",1
"ỡt",1
"ờơ",1
"ắă",1
"ỗo",1
"ẻa",1
"ớa",1
"qé",1
"ẹr",1
"ẹs",1
"qè",1
"ộì",1
"ùạ",1
"ộx",1
"ộw",1
"ùở",1
"ùỵ",1
"ẹọ",1
"ẹủ",1
"ẻd",1
"ờv",1
"ẻe",1
"qà",1
"ẻs",1
"ýủ",1
"ìợ",1
"ộe",1
"ẻá",1
"iỷ",1
"ẽa",1
"ẽe",1
"ỗđ",1
"ỗu",1
"ỗs",1
"iĩ",1
"ùú",1
"ẹh",1
"ớl",1
"ùw",1
"êẹ",1
"ằq",1
"ẳi",1
"ờo",1
"ẳo",1
"qử",1
"ẳy",1
"ẵi",1
"íà",1
"qờ",1
"íw",1
"ặh",1
"ớị",1
"ặk",1
"qỉ",1
"ớơ",1
"qậ",1
"qơ",1
"ớy",1
"ớw",1
"ặù",1
"ớq",1
"gỵ",1
"ẹe",1
"ẹf",1
"ẹg",1
"úì",1
